{
    "metadata":{
        "vertices":392,
        "materials":1,
        "generator":"io_three",
        "version":3,
        "type":"Geometry",
        "faces":281
    },
    "vertices":[-0.452839,-2.0855,-2.83326,-0.452839,-2.0464,-3.2577,-0.452839,-1.93062,-3.66582,-0.452839,-1.74261,-4.04195,-0.452839,-1.48958,-4.37163,-0.452839,-1.18127,-4.64219,-0.452839,-0.829511,-4.84323,-0.452839,-0.447837,-4.96703,-0.452839,-0.050909,-5.00884,-0.452839,0.346019,-4.96704,-0.452839,0.727694,-4.84323,-0.452839,1.07945,-4.64219,-0.452839,1.38776,-4.37163,-0.452839,1.64079,-4.04195,-0.452839,1.82881,-3.66582,-0.452839,1.94459,-3.25769,-0.452839,1.98368,-2.83326,-0.452839,1.94458,-2.40883,-0.452839,1.82881,-2.0007,-0.452839,1.64079,-1.62457,-0.452839,-1.74261,-1.62458,-0.452839,-1.93062,-2.00071,-0.452839,-2.0464,-2.40883,-0.452839,-2.0757,-3.0465,-0.452839,-1.99789,-3.4648,-0.452839,-1.84525,-3.85882,-0.452839,-1.62367,-4.21343,-0.452839,-1.34164,-4.51501,-0.452839,-1.01001,-4.75195,-0.452839,-0.641518,-4.91516,-0.452839,-0.250333,-4.99836,-0.452839,0.148516,-4.99836,-0.452839,0.539701,-4.91516,-0.452839,0.908189,-4.75195,-0.452839,1.23982,-4.51501,-0.452839,1.52185,-4.21343,-0.452839,1.74344,-3.85882,-0.452839,1.89607,-3.4648,-0.452839,1.97388,-3.0465,-0.452839,1.97388,-2.62002,-0.452839,1.89607,-2.20172,-0.452839,1.74344,-1.8077,-0.452839,-1.84526,-1.8077,-0.452839,-1.99789,-2.20173,-0.452839,-2.0757,-2.62002,-0.452839,-2.08304,-2.94001,-0.452839,-2.02452,-3.36188,-0.452839,-1.89015,-3.76344,-0.452839,-1.6851,-4.12925,-0.452839,-1.41725,-4.44526,-0.452839,-1.09689,-4.69932,-0.452839,-0.73634,-4.88166,-0.452839,-0.349445,-4.98529,-0.452839,0.048924,-5.00622,-0.452839,0.443456,-4.94364,-0.452839,0.818989,-4.79996,-0.452839,1.16109,-4.5807,-0.452839,1.45662,-4.29429,-0.452839,1.69422,-3.95173,-0.452839,1.86475,-3.56619,-0.452839,1.96166,-3.15248,-0.452839,1.98123,-2.72651,-0.452839,1.9227,-2.30464,-0.452839,1.78834,-1.90308,-0.452839,1.56744,-1.51948,-0.452839,-1.79603,-1.71479,-0.452839,-1.96656,-2.10033,-0.452839,-2.06347,-2.51404,-0.452839,-2.06347,-3.15248,-0.452839,-1.96656,-3.56619,-0.452839,-1.79603,-3.95173,-0.452839,-1.55844,-4.29429,-0.452839,-1.26291,-4.5807,-0.452839,-0.920807,-4.79996,-0.452839,-0.545273,-4.94364,-0.452839,-0.150741,-5.00622,-0.452839,0.247627,-4.98529,-0.452839,0.634523,-4.88166,-0.452839,0.995078,-4.69932,-0.452839,1.31544,-4.44526,-0.452839,1.58329,-4.12925,-0.452839,1.78834,-3.76344,-0.452839,1.92271,-3.36188,-0.452839,1.98123,-2.94001,-0.452839,1.96166,-2.51404,-0.452839,1.86475,-2.10033,-0.452839,1.69421,-1.71479,-0.452839,-1.6683,-1.51948,-0.452839,-1.89016,-1.90308,-0.452839,-2.02452,-2.30464,-0.452839,-2.08304,-2.72651,-0.452839,2.5698,-1.51948,-0.452839,2.5698,-6.76407,-0.452839,-2.66951,-6.76407,-0.452839,-2.66951,-1.51948,0.048557,-2.0855,-2.83326,0.048557,-2.0464,-3.2577,0.048557,-1.93062,-3.66582,0.048557,-1.74261,-4.04195,0.048557,-1.48958,-4.37163,0.048557,-1.18127,-4.64219,0.048557,-0.829511,-4.84323,0.048557,-0.447837,-4.96703,0.048557,-0.050909,-5.00884,0.048557,0.346019,-4.96704,0.048557,0.727694,-4.84323,0.048557,1.07945,-4.64219,0.048557,1.38776,-4.37163,0.048557,1.64079,-4.04195,0.048557,1.82881,-3.66582,0.048557,1.94459,-3.25769,0.048557,1.98368,-2.83326,0.048557,1.94458,-2.40883,0.048557,1.82881,-2.0007,0.048557,1.64079,-1.62457,0.048557,-1.74261,-1.62458,0.048557,-1.93062,-2.00071,0.048557,-2.0464,-2.40883,0.048557,-2.0757,-3.0465,0.048557,-1.99789,-3.4648,0.048557,-1.84525,-3.85882,0.048557,-1.62367,-4.21343,0.048557,-1.34164,-4.51501,0.048557,-1.01001,-4.75195,0.048557,-0.641518,-4.91516,0.048557,-0.250333,-4.99836,0.048557,0.148516,-4.99836,0.048557,0.539701,-4.91516,0.048557,0.908189,-4.75195,0.048557,1.23982,-4.51501,0.048557,1.52185,-4.21343,0.048557,1.74344,-3.85882,0.048557,1.89607,-3.4648,0.048557,1.97388,-3.0465,0.048557,1.97388,-2.62002,0.048557,1.89607,-2.20172,0.048557,1.74344,-1.8077,0.048557,-1.84526,-1.8077,0.048557,-1.99789,-2.20173,0.048557,-2.0757,-2.62002,0.048557,-2.08304,-2.94001,0.048557,-2.02452,-3.36188,0.048557,-1.89015,-3.76344,0.048557,-1.6851,-4.12925,0.048557,-1.41725,-4.44526,0.048557,-1.09689,-4.69932,0.048557,-0.73634,-4.88166,0.048557,-0.349445,-4.98529,0.048557,0.048924,-5.00622,0.048557,0.443456,-4.94364,0.048557,0.818989,-4.79996,0.048557,1.16109,-4.5807,0.048557,1.45662,-4.29429,0.048557,1.69422,-3.95173,0.048557,1.86475,-3.56619,0.048557,1.96166,-3.15248,0.048557,1.98123,-2.72651,0.048557,1.9227,-2.30464,0.048557,1.78834,-1.90308,0.048557,1.56744,-1.51948,0.048557,-1.79603,-1.71479,0.048557,-1.96656,-2.10033,0.048557,-2.06347,-2.51404,0.048557,-2.06347,-3.15248,0.048557,-1.96656,-3.56619,0.048557,-1.79603,-3.95173,0.048557,-1.55844,-4.29429,0.048557,-1.26291,-4.5807,0.048557,-0.920807,-4.79996,0.048557,-0.545273,-4.94364,0.048557,-0.150741,-5.00622,0.048557,0.247627,-4.98529,0.048557,0.634523,-4.88166,0.048557,0.995078,-4.69932,0.048557,1.31544,-4.44526,0.048557,1.58329,-4.12925,0.048557,1.78834,-3.76344,0.048557,1.92271,-3.36188,0.048557,1.98123,-2.94001,0.048557,1.96166,-2.51404,0.048557,1.86475,-2.10033,0.048557,1.69421,-1.71479,0.048557,-1.6683,-1.51948,0.048557,-1.89016,-1.90308,0.048557,-2.02452,-2.30464,0.048557,-2.08304,-2.72651,0.048557,2.5698,-1.51948,0.048557,2.5698,-6.76407,0.048557,-2.66951,-6.76407,0.048557,-2.66951,-1.51948,-0.452839,-2.08304,-2.94001,-0.452839,-2.0855,-2.83326,-0.452839,-2.02452,-3.36188,-0.452839,-2.0464,-3.2577,-0.452839,-1.89015,-3.76344,-0.452839,-1.93062,-3.66582,-0.452839,-1.6851,-4.12925,-0.452839,-1.74261,-4.04195,-0.452839,-1.41725,-4.44526,-0.452839,-1.48958,-4.37163,-0.452839,-1.09689,-4.69932,-0.452839,-1.18127,-4.64219,-0.452839,-0.73634,-4.88166,-0.452839,-0.829511,-4.84323,-0.452839,-0.349445,-4.98529,-0.452839,-0.447837,-4.96703,-0.452839,0.048924,-5.00622,-0.452839,-0.050909,-5.00884,-0.452839,0.443456,-4.94364,-0.452839,0.346019,-4.96704,-0.452839,0.818989,-4.79996,-0.452839,0.727694,-4.84323,-0.452839,1.16109,-4.5807,-0.452839,1.07945,-4.64219,-0.452839,1.45662,-4.29429,-0.452839,1.38776,-4.37163,-0.452839,1.69422,-3.95173,-0.452839,1.64079,-4.04195,-0.452839,1.86475,-3.56619,-0.452839,1.82881,-3.66582,-0.452839,1.96166,-3.15248,-0.452839,1.94459,-3.25769,-0.452839,1.98123,-2.72651,-0.452839,1.98368,-2.83326,-0.452839,1.9227,-2.30464,-0.452839,1.94458,-2.40883,-0.452839,1.78834,-1.90308,-0.452839,1.82881,-2.0007,-0.452839,1.56744,-1.51948,-0.452839,1.56744,-1.51948,-0.452839,1.64079,-1.62457,-0.452839,-1.79603,-1.71479,-0.452839,-1.74261,-1.62458,-0.452839,-1.96656,-2.10033,-0.452839,-1.93062,-2.00071,-0.452839,-2.06347,-2.51404,-0.452839,-2.0464,-2.40883,-0.452839,-2.06347,-3.15248,-0.452839,-2.0757,-3.0465,-0.452839,-1.96656,-3.56619,-0.452839,-1.99789,-3.4648,-0.452839,-1.79603,-3.95173,-0.452839,-1.84525,-3.85882,-0.452839,-1.55844,-4.29429,-0.452839,-1.62367,-4.21343,-0.452839,-1.26291,-4.5807,-0.452839,-1.34164,-4.51501,-0.452839,-0.920807,-4.79996,-0.452839,-1.01001,-4.75195,-0.452839,-0.545273,-4.94364,-0.452839,-0.641518,-4.91516,-0.452839,-0.150741,-5.00622,-0.452839,-0.250333,-4.99836,-0.452839,0.247627,-4.98529,-0.452839,0.148516,-4.99836,-0.452839,0.634523,-4.88166,-0.452839,0.539701,-4.91516,-0.452839,0.995078,-4.69932,-0.452839,0.908189,-4.75195,-0.452839,1.31544,-4.44526,-0.452839,1.23982,-4.51501,-0.452839,1.58329,-4.12925,-0.452839,1.52185,-4.21343,-0.452839,1.78834,-3.76344,-0.452839,1.74344,-3.85882,-0.452839,1.92271,-3.36188,-0.452839,1.89607,-3.4648,-0.452839,1.98123,-2.94001,-0.452839,1.97388,-3.0465,-0.452839,1.96166,-2.51404,-0.452839,1.97388,-2.62002,-0.452839,1.86475,-2.10033,-0.452839,1.89607,-2.20172,-0.452839,1.69421,-1.71479,-0.452839,1.74344,-1.8077,-0.452839,-1.89016,-1.90308,-0.452839,-1.84526,-1.8077,-0.452839,-2.02452,-2.30464,-0.452839,-1.99789,-2.20173,-0.452839,-2.08304,-2.72651,-0.452839,-2.0757,-2.62002,-0.452839,-1.6683,-1.51948,-0.452839,-1.6683,-1.51948,-0.452839,2.5698,-1.51948,-0.452839,2.5698,-1.51948,-0.452839,2.5698,-6.76407,-0.452839,2.5698,-6.76407,-0.452839,