{
    "metadata":{
        "vertices":492,
        "materials":1,
        "type":"Geometry",
        "version":3,
        "generator":"io_three",
        "faces":353
    },
    "vertices":[-3.65816,0.562745,-4.3779,2.57731,0.562745,-4.3779,-0.542465,0.562781,-3.87991,-1.08166,0.562784,-3.82445,-1.60014,0.562792,-3.66018,-2.078,0.562804,-3.39341,-2.49686,0.562816,-3.03439,-2.84064,0.562825,-2.5969,-3.09612,0.562827,-2.09776,-3.25348,0.56282,-1.55613,-3.30666,0.562802,-0.99283,-3.25361,0.562776,-0.429505,-3.09636,0.562741,0.112194,2.01143,0.562744,0.112189,2.16867,0.562777,-0.42951,2.22172,0.562805,-0.992834,2.16854,0.562822,-1.55613,2.01118,0.562828,-2.09776,1.7557,0.562829,-2.5969,1.41192,0.562819,-3.03438,0.993061,0.562804,-3.39341,0.515209,0.562793,-3.66017,-0.003272,0.562785,-3.82445,-0.813344,0.562814,-3.86578,-1.3447,0.562819,-3.75539,-1.84523,0.562831,-3.53885,-2.29573,0.562844,-3.22446,-2.67886,0.562855,-2.82432,-2.97992,0.562861,-2.35378,-3.18732,0.562859,-1.83092,-3.2931,0.562845,-1.27582,-3.29317,0.562824,-0.70983,-3.18752,0.562791,-0.154687,-2.98289,0.5628,0.369755,1.89795,0.562802,0.369752,2.10259,0.562794,-0.154692,2.20823,0.562825,-0.709835,2.20816,0.562848,-1.27583,2.10239,0.56286,-1.83092,1.89498,0.562864,-2.35378,1.59393,0.562859,-2.82432,1.21079,0.562845,-3.22446,0.760301,0.562831,-3.53884,0.259765,0.562822,-3.75539,-0.271587,0.562814,-3.86578,-0.678036,0.562797,-3.87632,-1.21396,0.562801,-3.7933,-1.72408,0.562812,-3.60267,-2.18882,0.562824,-3.31175,-2.59031,0.562836,-2.93171,-2.91312,0.562843,-2.47716,-3.14485,0.562843,-1.96554,-3.27658,0.562833,-1.41652,-3.30324,0.562813,-0.851191,-3.2238,0.562783,-0.291281,-3.04164,0.562754,0.241869,2.06013,0.56277,-0.020051,2.19174,0.562802,-0.569132,2.21827,0.562827,-1.13447,2.1387,0.562842,-1.69434,1.9561,0.562846,-2.22723,1.67751,0.562844,-2.71265,1.31361,0.562832,-3.13198,0.878418,0.562817,-3.46909,0.388638,0.562807,-3.71104,-0.13691,0.562799,-3.84855,-0.948022,0.562799,-3.84855,-1.47357,0.562805,-3.71104,-1.96335,0.562817,-3.46909,-2.39855,0.56283,-3.13198,-2.76244,0.56284,-2.71266,-3.04104,0.562844,-2.22723,-3.22363,0.56284,-1.69434,-3.3032,0.562824,-1.13447,-3.27668,0.562801,-0.569127,-3.14507,0.562767,-0.020046,1.9567,0.562757,0.241865,2.13887,0.562785,-0.291287,2.2183,0.562815,-0.851196,2.19164,0.562835,-1.41652,2.05991,0.562844,-1.96554,1.82818,0.562847,-2.47716,1.50537,0.562839,-2.93171,1.10388,0.562824,-3.31175,0.639149,0.562812,-3.60267,0.129024,0.562804,-3.7933,-0.406895,0.562797,-3.87632,1.93043,0.562745,0.405567,2.00745,0.562745,0.420887,2.08,0.562745,0.450938,2.1453,0.562745,0.494567,2.20083,0.562745,0.550095,2.24445,0.562745,0.61539,2.25877,0.562745,0.643971,2.22424,0.562745,0.581671,2.17442,0.562745,0.520967,2.11372,0.562745,0.471148,2.04446,0.562745,0.434131,1.96931,0.562745,0.411335,1.89854,0.562745,0.403275,-3.65816,0.562745,0.671897,2.26863,0.562746,0.671899,2.57731,0.562745,0.671897,1.88326,0.562804,0.4023,-3.01128,0.562745,0.405567,-3.0883,0.562745,0.420887,-3.16086,0.562745,0.450938,-3.22615,0.562745,0.494567,-3.28168,0.562745,0.550095,-3.32531,0.562745,0.61539,-3.33963,0.562745,0.643971,-3.3051,0.562745,0.581671,-3.25528,0.562745,0.520967,-3.19457,0.562745,0.471148,-3.12532,0.562745,0.434131,-3.05017,0.562745,0.411335,-2.9794,0.562745,0.403275,-3.34948,0.562746,0.671899,-2.96811,0.562804,0.402579,-3.65816,-0.548358,-4.37789,2.57731,-0.548358,-4.37789,-0.542465,-0.548322,-3.87991,-1.08166,-0.548319,-3.82444,-1.60014,-0.548311,-3.66017,-2.078,-0.548299,-3.3934,-2.49686,-0.548287,-3.03438,-2.84064,-0.548278,-2.59689,-3.09612,-0.548276,-2.09775,-3.25348,-0.548283,-1.55612,-3.30666,-0.548301,-0.992822,-3.25361,-0.548327,-0.429497,-3.09636,-0.548362,0.112202,2.01143,-0.548359,0.112197,2.16867,-0.548325,-0.429502,2.22172,-0.548299,-0.992826,2.16854,-0.548281,-1.55612,2.01118,-0.548275,-2.09775,1.7557,-0.548274,-2.59689,1.41192,-0.548284,-3.03438,0.993061,-0.548299,-3.3934,0.515209,-0.54831,-3.66017,-0.003272,-0.548318,-3.82444,-0.813344,-0.548289,-3.86577,-1.3447,-0.548284,-3.75538,-1.84523,-0.548273,-3.53884,-2.29573,-0.548259,-3.22446,-2.67886,-0.548248,-2.82431,-2.97992,-0.548242,-2.35377,-3.18732,-0.548244,-1.83091,-3.2931,-0.548258,-1.27582,-3.29317,-0.548279,-0.709822,-3.18752,-0.548312,-0.154679,-2.98289,-0.548303,0.369763,1.89795,-0.548301,0.36976,2.10259,-0.548309,-0.154684,2.20823,-0.548278,-0.709827,2.20816,-0.548255,-1.27582,2.10239,-0.548242,-1.83091,1.89498,-0.548239,-2.35377,1.59393,-0.548244,-2.82431,1.21079,-0.548258,-3.22445,0.760301,-0.548273,-3.53884,0.259765,-0.548281,-3.75538,-0.271587,-0.548289,-3.86577,-0.678036,-0.548306,-3.87631,-1.21396,-0.548302,-3.79329,-1.72408,-0.548291,-3.60266,-2.18882,-0.548279,-3.31174,-2.59031,-0.548267,-2.93171,-2.91312,-0.54826,-2.47715,-3.14485,-0.54826,-1.96553,-3.27658,-0.54827,-1.41651,-3.30324,-0.54829,-0.851184,-3.2238,-0.54832,-0.291274,-3.04164,-0.548349,0.241877,2.06013,-0.548333,-0.020044,2.19174,-0.548301,-0.569124,2.21827,-0.548276,-1.13446,2.1387,-0.548261,-1.69433,1.9561,-0.548257,-2.22722,1.67751,-0.548259,-2.71265,1.31361,-0.548271,-3.13197,0.878418,-0.548286,-3.46908,0.388638,-0.548297,-3.71103,-0.13691,-0.548304,-3.84854,-0.948022,-0.548304,-3.84854,-1.47357,-0.548298,-3.71104,-1.96335,-0.548286,-3.46908,-2.39855,-0.548273,-3.13197,-2.76244,-0.548263,-2.71265,-3.04104,-0.548259,-2.22722,-3.22363,-0.548263,-1.69433,-3.3032,-0.548279,-1.13446,-3.27668,-0.548302,-0.569119,-3.14507,-0.548336,-0.020038,1.9567,-0.548346,0.241873,2.13887,-0.548318,-0.291279,2.2183,-0.548288,-0.851188,2.19164,-0.548268,-1.41651,2.05991,-0.548259,-1.96553,1.82818,-0.548256,-2.47715,1.50537,-0.548264,-2.9317,1.10388,-0.548279,-3.31174,0.639149,-0.548291,-3.60266,0.129024,-0.548299,-3.79329,-0.406895,-0.548306,-3.87631,1.93043,-0.548358,0.405575,2.00745,-0.548358,0.420895,2.08,-0.548358,0.450946,2.1453,-0.548358,0.494574,2.20083,-0.548358,0.550103,2.24445,-0.548358,0.615398,2.25877,-0.548358,0.643979,2.22424,-0.548358,0.581679,2.17442,-0.548358,0.520974,2.11372,-0.548358,0.471156,2.04446,-0.548358,0.434139,1.96931,-0.548358,0.411343,1.89854,-0.548358,0.403283,-3.65816,-0.548358,0.671904,2.26863,-0.548357,0.671907,2.57731,-0.548358,0.671904,1.88326,-0.548299,0.402308,-3.01128,-0.548358,0.405575,-3.0883,-0.548358,0.420895,-3.16086,-0.548358,0.450946,-3.22615,-0.548358,0.494574,-3.28168,-0.548358,0.550103,-3.32531,-0.548358,0.615398,-3.33963,-0.548358,0.643979,-3.3051,-0.548358,0.581679,-3.25528,-0.548358,0.520974,-3.19457,-0.548358,0.471156,-3.12532,-0.548358,0.434139,-3.05017,-0.548358,0.411343,-2.9794,-0.548358,0.403283,-3.34948,-0.548357,0.671907,-2.96811,-0.548299,0.402587,-3.34948,0.562746,0.671899,-3.34948,0.562746,0.671899,-3.65816,0.562745,0.671897,-3.65816,0.562745,0.671897,-3.65816,0.562745,-4.3779,-3.65816,0.562745,-4.3779,2.57731,0.562745,-4.3779,2.57731,0.562745,-4.3779,-0.678036,0.562797,-3.87632,-0.542465,0.562781,-3.87991,-1.21396,0.562801,-3.7933,-1.08166,0.562784,-3.82445,-1.72408,0.562812,-3.60267,-1.60014,0.562792,-3.66018,-2.18882,0.562824,-3.31175,-2.078,0.562804,-3.39341,-2.59031,0.562836,-2.93171,-2.49686,0.562816,-3.03439,-2.91312,0.562843,-2.47716,-2.84064,0.562825,-2.5969,-3.14485,0.562843,-1.96554,-3.09612,0.562827,-2.09776,-3.27658,0.562833,-1.41652,-3.25348,0.56282,-1.55613,-3.30324,0.562813,-0.851191,-3.30666,0.562802,-0.99283,-3.2238,0.562783,-0.291281,-3.25361,0.562776,-0.429505,-3.04164,0.562754,0.241869,-3.09636,0.562741,0.112194,2.06013,0.56277,-0.020051,2.01143,0.562744,0.112189,2.19174,0.562802,-0.569132,2.16867,0.562777,-0.42951,2.21827,0.562827,-1.13447,2.22172,0.562805,-0.992834,2.1387,0.562842,-1.69434,2.16854,0.562822,-1.55613,1.9561,0.562846,-2.22723,2.01118,0.562828,-2.09776,1.67751,0.562844,-2.71265,1.7557,0.562829,-2.5969,1.31361,0.562832,-3.13198,1.41192,0.562819,-3.03438,0.878418,0.562817,-3.46909,0.993061,0.562804,-3.39341,0.388638,0.562807,-3.71104,0.515209,0.562793,-3.66017,-0.13691,0.562799,-3.84855,-0.003272,0.562785,-3.82445,-0.948022,0.562799,-3.84855,-0.813344,0.562814,