{
    "metadata":{
        "vertices":128,
        "materials":1,
        "generator":"io_three",
        "version":3,
        "type":"Geometry",
        "faces":62
    },
    "vertices":[-0.044949,-0.596225,0.149,-0.044949,-0.439545,0.398649,-0.04495,-0.345302,0.14887,-0.04495,0.032096,0.398649,-0.04495,-0.502014,-0.100909,-0.04495,-0.251066,-0.101135,-0.04495,-0.15681,-0.35114,-0.04495,-0.407784,-0.35114,-0.04495,-0.062529,-0.601182,-0.04495,-0.313509,-0.601144,-0.04495,0.660418,0.149,-0.04495,-0.219201,-0.851223,-0.04495,0.032096,-0.851223,-0.04495,0.503737,0.398649,-0.04495,0.409494,0.14887,0.17907,-0.596225,0.149,-0.04495,0.566207,-0.100909,-0.04495,0.315258,-0.101135,-0.04495,0.221001,-0.35114,-0.04495,0.471977,-0.35114,-0.04495,0.12672,-0.601182,-0.04495,0.3777,-0.601144,-0.04495,0.283393,-0.851223,0.17907,-0.439545,0.398649,0.17907,-0.345302,0.14887,0.17907,0.032096,0.398649,0.17907,-0.502014,-0.100909,0.17907,-0.251066,-0.101135,0.17907,-0.15681,-0.35114,0.17907,-0.407784,-0.35114,0.17907,-0.062529,-0.601182,0.17907,-0.313509,-0.601144,0.17907,0.660418,0.149,0.17907,-0.219201,-0.851223,0.17907,0.032096,-0.851223,0.17907,0.503737,0.398649,0.17907,0.409494,0.14887,0.17907,0.566207,-0.100909,0.17907,0.315258,-0.101135,0.17907,0.221002,-0.35114,0.17907,0.471977,-0.35114,0.17907,0.126721,-0.601182,0.179069,0.3777,-0.601144,0.179069,0.283393,-0.851223,-0.04495,-0.345302,0.14887,-0.04495,-0.345302,0.14887,-0.044949,-0.596225,0.149,-0.044949,-0.596225,0.149,-0.044949,-0.439545,0.398649,-0.044949,-0.439545,0.398649,-0.04495,0.032096,0.398649,-0.04495,0.409494,0.14887,-0.04495,0.409494,0.14887,-0.04495,0.660418,0.149,-0.04495,0.660418,0.149,-0.04495,0.032096,-0.851223,-0.04495,-0.219201,-0.851223,-0.04495,-0.219201,-0.851223,-0.04495,-0.502014,-0.100909,-0.04495,-0.502014,-0.100909,-0.04495,-0.407784,-0.35114,-0.04495,-0.407784,-0.35114,-0.04495,-0.251066,-0.101135,-0.04495,-0.251066,-0.101135,-0.04495,-0.313509,-0.601144,-0.04495,-0.313509,-0.601144,-0.04495,-0.15681,-0.35114,-0.04495,-0.15681,-0.35114,-0.04495,-0.062529,-0.601182,-0.04495,-0.062529,-0.601182,-0.04495,0.503737,0.398649,-0.04495,0.503737,0.398649,0.17907,-0.345302,0.14887,0.17907,-0.345302,0.14887,0.17907,-0.596225,0.149,0.17907,-0.596225,0.149,-0.04495,0.566207,-0.100909,-0.04495,0.566207,-0.100909,-0.04495,0.471977,-0.35114,-0.04495,0.471977,-0.35114,-0.04495,0.315258,-0.101135,-0.04495,0.315258,-0.101135,-0.04495,0.3777,-0.601144,-0.04495,0.3777,-0.601144,-0.04495,0.221001,-0.35114,-0.04495,0.221001,-0.35114,-0.04495,0.283393,-0.851223,-0.04495,0.283393,-0.851223,-0.04495,0.12672,-0.601182,-0.04495,0.12672,-0.601182,0.17907,-0.439545,0.398649,0.17907,-0.439545,0.398649,0.17907,0.032096,0.398649,0.17907,0.409494,0.14887,0.17907,0.409494,0.14887,0.17907,0.660418,0.149,0.17907,0.660418,0.149,0.17907,0.032096,-0.851223,0.17907,-0.219201,-0.851223,0.17907,-0.219201,-0.851223,0.17907,-0.502014,-0.100909,0.17907,-0.502014,-0.100909,0.17907,-0.407784,-0.35114,0.17907,-0.407784,-0.35114,0.17907,-0.251066,-0.101135,0.17907,-0.251066,-0.101135,0.17907,-0.313509,-0.601144,0.17907,-0.313509,-0.601144,0.17907,-0.15681,-0.35114,0.17907,-0.15681,-0.35114,0.17907,-0.062529,-0.601182,0.17907,-0.062529,-0.601182,0.17907,0.503737,0.398649,0.17907,0.503737,0.398649,0.17907,0.566207,-0.100909,0.17907,0.566207,-0.100909,0.17907,0.471977,-0.35114,0.17907,0.471977,-0.35114,0.17907,0.315258,-0.101135,0.17907,0.315258,-0.101135,0.179069,0.3777,-0.601144,0.179069,0.3777,-0.601144,0.17907,0.221002,-0.35114,0.17907,0.221002,-0.35114,0.179069,0.283393,-0.851223,0.179069,0.283393,-0.851223,0.17907,0.126721,-0.601182,0.17907,0.126721,-0.601182],
    "materials":[{
        "opacity":1,
        "specularCoef":50,
        "colorDiffuse":[0.64,0.64,0.64],
        "transparent":false,
        "DbgIndex":0,
        "depthTest":true,
        "colorSpecular":[0.5,0.5,0.5],
        "depthWrite":true,
        "DbgColor":15658734,
        "shading":"phong",
        "blending":"NormalBlending",
        "wireframe":false,
        "visible":true,
        "colorEmissive":[0,0,0],
        "DbgName":"Material.001"
    }],
    "faces":[2,44,46,48,0,2,48,50,70,0,2,70,53,51,0,2,51,76,80,0,2,80,78,84,0,2,84,82,88,0,2,88,86,55,0,2,55,56,68,0,2,68,64,66,0,2,66,60,62,0,2,62,58,44,0,2,44,48,70,0,2,51,80,84,0,2,44,70,51,0,2,66,62,44,0,2,55,68,66,0,2,84,88,55,0,2,44,51,84,0,2,55,66,44,0,2,44,84,55,0,2,72,100,104,0,2,104,102,108,0,2,108,106,110,0,2,110,98,97,0,2,97,124,126,0,2,126,120,122,0,2,122,116,118,0,2,118,114,93,0,2,93,95,112,0,2,112,92,90,0,2,90,74,72,0,2,72,104,108,0,2,108,110,97,0,2,97,126,122,0,2,122,118,93,0,2,93,112,90,0,2,72,108,97,0,2,93,90,72,0,2,97,122,93,0,2,72,97,93,0,3,63,61,103,105,0,3,89,83,121,127,0,3,71,3,25,113,0,3,59,5,27,101,0,3,12,87,125,34,0,3,47,45,73,75,0,3,77,52,94,115,0,3,67,65,107,109,0,3,49,0,15,91,0,3,79,81,119,117,0,3,7,6,28,29,0,3,3,1,23,25,0,3,17,16,37,38,0,3,69,57,99,111,0,3,14,54,96,36,0,3,21,85,123,42,0,3,9,8,30,31,0,3,11,12,34,33,0,3,18,19,40,39,0,3,10,13,35,32,0,3,2,4,26,24,0,3,22,20,41,43,0],
    "name":"Plane.043Geometry"
}