{
    "metadata":{
        "vertices":246,
        "materials":1,
        "generator":"io_three",
        "version":3,
        "type":"Geometry",
        "faces":221
    },
    "vertices":[96.5183,0.008806,0.108186,96.4722,0.057361,0.148223,96.4577,0.079311,0.160873,96.4657,0.065222,0.153932,96.5069,0.008334,0.118088,96.4666,0.088173,0.153111,96.4978,-0.037744,0.125979,96.509,-0.023688,0.116238,96.5163,-0.007577,0.109962,96.4731,0.075507,0.147461,96.5054,-0.003642,0.119389,96.5001,-0.015413,0.123982,96.4909,-0.026793,0.131987,96.4801,-0.035617,0.141388,96.4828,0.064894,0.139033,96.4828,-0.050735,0.139033,96.4892,0.042535,0.133486,96.4983,0.032374,0.125608,96.5045,0.020514,0.120148,96.5151,0.025468,0.111005,96.5065,0.041699,0.118466,96.4955,0.054224,0.128032,96.4801,0.049776,0.141388,96.4731,-0.061348,0.147461,96.4666,-0.074014,0.153111,96.4657,-0.051062,0.153933,96.4577,-0.065152,0.160873,96.4722,-0.043202,0.148223,96.2424,0.005493,-0.208508,96.2153,0.041658,-0.184963,96.2113,0.048949,-0.181493,96.2084,0.0573,-0.178909,96.2311,0.008235,-0.19865,96.22,-0.021094,-0.189041,96.2186,0.063488,-0.187796,96.2204,0.057268,-0.189411,96.2245,0.049454,-0.192921,96.2302,-0.001454,-0.197886,96.2262,-0.01248,-0.194432,96.2279,-0.030789,-0.195928,96.2359,-0.019138,-0.202862,96.2405,-0.007584,-0.206829,96.2207,0.034557,-0.189591,96.2263,0.026235,-0.194519,96.2297,0.017794,-0.197422,96.2412,0.018743,-0.207466,96.2372,0.030642,-0.203987,96.23,0.042516,-0.197741,96.2186,-0.049329,-0.187795,96.2214,-0.040657,-0.190231,96.2084,-0.043141,-0.178909,96.2113,-0.034791,-0.181493,96.2153,-0.027499,-0.184963,96.2084,0.007079,-0.178909,96.5174,0.015764,0.108974,96.5165,0.02008,0.109734,96.497,-0.038558,0.126706,96.4931,-0.042264,0.130082,96.5094,-0.022789,0.115884,96.5068,-0.026861,0.118148,96.5165,-0.005921,0.109734,96.5153,-0.01021,0.1108,96.4728,0.076009,0.147719,96.4709,0.078984,0.149376,96.4782,0.051478,0.143019,96.4743,0.055184,0.146394,96.4692,0.082006,0.150822,96.4678,0.085073,0.152072,96.4708,0.058981,0.149509,96.4675,0.062882,0.152374,96.5117,0.032814,0.113909,96.5094,0.036948,0.115884,96.5056,-0.002428,0.119222,96.5047,-0.005563,0.120002,96.5004,-0.014758,0.123724,96.4985,-0.017732,0.125382,96.4913,-0.026272,0.131649,96.4885,-0.028974,0.13412,96.4666,0.088178,0.153099,96.4666,0.088178,0.153099,96.4889,-0.045871,0.133739,96.4859,-0.047989,0.136302,96.5039,-0.030859,0.120727,96.5006,-0.034761,0.123592,96.5137,-0.014459,0.112202,96.5117,-0.018655,0.113909,96.5179,0.00273,0.108491,96.5174,-0.001605,0.108974,96.4576,0.079282,0.160899,96.4576,0.079282,0.160899,96.4885,0.043133,0.13412,96.4854,0.045755,0.1368,96.5047,0.019722,0.120002,96.5035,0.022827,0.121029,96.5068,0.007079,0.118185,96.5066,0.010259,0.118311,96.5068,0.04102,0.118148,96.5039,0.045018,0.120727,96.4824,0.047871,0.139362,96.5021,0.025894,0.122279,96.5004,0.028917,0.123724,96.5066,0.003899,0.118311,96.5062,0.000728,0.118665,96.5035,-0.008669,0.121029,96.5021,-0.011735,0.122279,96.4963,-0.02065,0.127271,96.4939,-0.023498,0.12937,96.4854,-0.031596,0.1368,96.4824,-0.033712,0.139362,96.475,0.073092,0.14583,96.4829,-0.050609,0.13898,96.4645,0.066881,0.154953,96.4985,0.031891,0.125382,96.4963,0.034809,0.127271,96.5153,0.024369,0.1108,96.5137,0.028618,0.112202,96.4931,0.056423,0.130082,96.4889,0.06003,0.133739,96.4939,0.037657,0.12937,96.4913,0.040431,0.131649,96.5062,0.01343,0.118665,96.5056,0.016587,0.119222,96.4782,-0.037319,0.143019,96.4829,0.064768,0.13898,96.48,0.06747,0.141452,96.5181,0.007079,0.10832,96.4619,0.070953,0.157217,96.4774,0.070244,0.143731,96.4596,0.075087,0.159192,96.5006,0.04892,0.123592,96.497,0.052717,0.126706,96.5179,0.011429,0.108491,96.4859,0.062148,0.136302,96.4675,-0.048723,0.152374,96.4645,-0.052722,0.154953,96.4666,-0.074019,0.153099,96.4666,-0.074019,0.153099,96.4576,-0.065123,0.160899,96.4576,-0.065123,0.160899,96.475,-0.058933,0.14583,96.4728,-0.06185,0.147719,96.4678,-0.070914,0.152072,96.4619,-0.056794,0.157217,96.4596,-0.060928,0.159192,96.4743,-0.041025,0.146395,96.4708,-0.044822,0.149509,96.48,-0.053311,0.141452,96.4774,-0.056085,0.143731,96.4709,-0.064825,0.149376,96.4692,-0.067847,0.150822,96.242,0.01312,-0.208134,96.2416,0.016122,-0.207783,96.2326,-0.024664,-0.199961,96.2308,-0.027241,-0.198405,96.2383,-0.013696,-0.204949,96.2371,-0.016528,-0.203905,96.2416,-0.001963,-0.207783,96.241,-0.004946,-0.207292,96.2214,0.055023,-0.190275,96.2206,0.057092,-0.189511,96.2178,0.037961,-0.18715,96.216,0.040538,-0.185595,96.2198,0.059195,-0.188845,96.2191,0.061328,-0.188269,96.2144,0.043179,-0.184159,96.2129,0.045893,-0.182838,96.2394,0.024979,-0.205859,96.2383,0.027854,-0.204949,96.2305,0.000466,-0.198119,96.23,-0.001714,-0.19776,96.2281,-0.00811,-0.196044,96.2272,-0.010179,-0.19528,96.2239,-0.016118,-0.192391,96.2226,-0.017998,-0.191252,96.2186,0.063488,-0.187796,96.2186,0.063488,-0.187796,96.2289,-0.02975,-0.196719,96.2275,-0.031223,-0.195538,96.2357,-0.019309,-0.202717,96.2342,-0.022023,-0.201396,96.2403,-0.007902,-0.206646,96.2394,-0.01082,-0.205859,96.2422,0.004054,-0.208356,96.242,0.001039,-0.208134,96.2084,0.0573,-0.178909,96.2084,0.0573,-0.178909,96.2226,0.032156,-0.191252,96.2211,0.03398,-0.190017,96.23,0.015873,-0.19776,96.2295,0.018033,-0.197286,96.231,0.007079,-0.198597,96.2309,0.009291,-0.198539,96.2371,0.030687,-0.203905,96.2357,0.033468,-0.202717,96.2198,0.035452,-0.188836,96.2288,0.020166,-0.19671,96.2281,0.022268,-0.196044,96.2309,0.004867,-0.198539,96.2308,0.002662,-0.198375,96.2295,-0.003874,-0.197286,96.2288,-0.006007,-0.19671,96.2262,-0.012208,-0.194409,96.2251,-0.014189,-0.193442,96.2211,-0.019822,-0.190017,96.2198,-0.021293,-0.188836,96.2224,0.052994,-0.191146,96.2261,-0.033046,-0.194303,96.2115,0.048674,-0.18165,96.2272,0.024337,-0.19528,96.2262,0.026366,-0.194409,96.241,0.019105,-0.207292,96.2403,0.022061,-0.206646,96.2308,0.0414,-0.198405,96.2289,0.043909,-0.196719,96.2251,0.028347,-0.193442,96.2239,0.030277,-0.192391,96.2308,0.011497,-0.198375,96.2305,0.013692,-0.198119,96.2178,-0.023802,-0.18715,96.2261,0.047204,-0.194303,96.2248,0.049084,-0.193164,96.2423,0.007079,-0.208435,96.2103,0.051506,-0.180606,96.2235,0.051013,-0.192113,96.2093,0.054382,-0.179696,96.2342,0.036181,-0.201396,96.2326,0.038822,-0.199961,96.2422,0.010104,-0.208356,96.2275,0.045382,-0.195538,96.2129,-0.031734,-0.182838,96.2115,-0.034515,-0.18165,96.2186,-0.049329,-0.187795,96.2186,-0.049329,-0.187795,96.2084,-0.043141,-0.178909,96.2084,-0.043141,-0.178909,96.2224,-0.038836,-0.191146,96.2214,-0.040865,-0.190275,96.2191,-0.047169,-0.188269,96.2103,-0.037348,-0.180606,96.2093,-0.040223,-0.179696,96.216,-0.02638,-0.185595,96.2144,-0.029021,-0.184159,96.2248,-0.034925,-0.193164,96.2235,-0.036855,-0.192113,96.2206,-0.042934,-0.189511,96.2198,-0.045036,-0.188845],
    "materials":[{
        "opacity":1,
        "specularCoef":50,
        "colorDiffuse":[0.64,0.64,0.64],
        "transparent":false,
        "DbgIndex":0,
        "depthTest":true,
        "colorSpecular":[0.5,0.5,0.5],
        "depthWrite":true,
        "DbgColor":15658734,
        "shading":"phong",
        "blending":"NormalBlending",
        "wireframe":false,
        "visible":true,
        "colorEmissive":[0,0,0],
        "DbgName":"Material.001"
    }],